{"animationNames":["New Animation","New Animation"],"keyframeLayers":[[{"id":0,"pointTime":0,"theta":[60,180,0,0,180,0,0,180,0,0,180,0,0,180,0,0,180,0,0,180,0,0,180,0,0,0,0,0,0,0],"sliderValues":[0,0,0,0,0,0,0,0,0,0,0,0,0,0,0,0,0,0,0,0,0,0,0,0,0,0,0,0,0,0]}],[{"id":0,"pointTime":0,"theta":[0,180,0,0,180,0,0,180,0,0,180,0,0,180,0,0,180,0,0,180,0,0,180,0,0,0,0,0,0,0],"sliderValues":[0,0,0,0,0,0,0,0,0,0,0,0,0,0,0,0,0,0,0,0,0,0,0,0,0,0,0,0,0,0]},{"id":1,"pointTime":0.2,"theta":[20,140,-40,-40,140,-40,-40,-140,40,40,-140,40,40,140,-40,-40,-140,40,40,140,-40,-40,-140,40,40,0,0,0,0,0],"sliderValues":[20,40,40,40,40,40,40,40,40,40,40,40,40,40,40,40,40,40,40,40,40,40,40,40,40,0,0,0,0,0]},{"id":2,"pointTime":0.5,"theta":[-20,180,0,0,180,0,0,-180,0,0,-180,0,0,180,0,0,-180,0,0,180,0,0,-180,0,0,0,0,0,0,0],"sliderValues":[-20,0,0,0,0,0,0,0,0,0,0,0,0,0,0,0,0,0,0,0,0,0,0,0,0,0,0,0,0,0]}]],"keyframeContainers":[{"ids":[0],"positions":["0"],"pointTimePositions":[{"id":0,"pointTime":0}]},{"ids":[0,1,2],"positions":[0,0.2,0.5],"pointTimePositions":[{"id":0,"pointTime":0},{"id":1,"pointTime":0},{"id":2,"pointTime":0}]}]}